d,actors,events,hours
2023-01-15,293718,1574192,24
2023-01-16,389920,1916047,24
2023-01-17,436454,2173030,24
2023-01-18,447922,2276042,24
2023-01-19,436215,2190389,24
2023-01-20,424166,2171638,24
2023-01-21,331466,1692745,24
2023-01-22,283283,1490708,24
2023-01-23,379184,1868455,24
2023-01-24,430483,2186133,24
2023-01-25,437545,2223977,24
2023-01-26,430704,2207987,24
2023-01-27,427262,2156851,24
2023-01-28,350964,1769089,24
2023-01-29,309562,1592775,24
2023-01-30,418548,2058194,24
2023-01-31,474080,2409368,24
2023-02-01,472382,2396865,24
2023-02-02,468650,2329129,24
2023-02-03,460822,2306042,24
2023-02-04,359231,1796869,24
2023-02-05,313570,1631289,24
2023-02-06,424367,2109867,24
2023-02-07,478596,2380559,24
2023-02-08,483178,2439925,24
2023-02-09,480316,2547932,24
2023-02-10,465848,2489030,24
2023-02-11,360755,1855408,24
2023-02-12,313067,1622476,24
2023-02-13,431751,2156843,24
2023-02-14,482237,2612353,24
2023-02-15,476531,2523383,24
2023-02-16,482940,2470557,24
2023-02-17,467721,2431384,24
2023-02-18,361294,1846586,24
2023-02-19,315622,1643821,24
2023-02-20,425272,2115657,24
2023-02-21,467462,2361481,24
2023-02-22,484713,2525628,24
2023-02-23,483028,2455052,24
2023-02-24,466324,2385636,24
2023-02-25,368896,1850907,24
2023-02-26,323126,1638732,24
2023-02-27,441371,2136697,24
2023-02-28,491283,2436272,24
2023-03-01,490448,2430328,24
2023-03-02,493383,2500740,24
2023-03-03,478847,2382857,24
2023-03-04,363701,1780493,23
2023-03-05,144759,520509,6
2023-03-06,445216,2215562,24
2023-03-07,498505,2486841,24
2023-03-08,489535,2533845,24
2023-03-09,488259,2490412,24
2023-03-10,487535,2496816,24
2023-03-11,377665,1905700,24
2023-03-12,329319,1670737,24
2023-03-13,457092,2231341,24
2023-03-14,512346,2704543,24
2023-03-15,509647,2651219,24
2023-03-16,494925,2464577,24
2023-03-17,472508,2350833,24
2023-03-18,372006,1926676,24
2023-03-19,326092,1727455,24
2023-03-20,441879,2112102,24
2023-03-21,487845,2303271,24
2023-03-22,488274,2350657,24
2023-03-23,487970,2286314,24
2023-03-24,476556,2283053,24
2023-03-25,375157,1867686,24
2023-03-26,336138,1775929,24
2023-03-27,439284,2018415,24
2023-03-28,499033,2304832,24
2023-03-29,503504,2338625,24
2023-03-30,487823,2226234,24
2023-03-31,480377,2291033,24
2023-04-01,372726,1848556,24
2023-04-02,329207,1703579,24
2023-04-03,444654,2089634,24
2023-04-04,491639,2338242,24
2023-04-05,486181,2361587,24
2023-04-06,479710,2373449,24
2023-04-07,433444,2198536,24
2023-04-08,348698,1809133,24
2023-04-09,317993,1683653,24
2023-04-10,405405,2027745,24
2023-04-11,470179,2158047,24
2023-04-12,474061,2174189,24
2023-04-13,477767,2287507,23
2023-04-14,470990,2347330,24
2023-04-15,370120,1912222,24
2023-04-16,326054,1698678,24
2023-04-17,448775,2134260,24
2023-04-18,498619,2471371,24
2023-04-19,492009,2380619,24
2023-04-20,485992,2396445,24
2023-04-21,458517,2283209,24
2023-04-22,349376,1816096,24
2023-04-23,325177,1676979,24
2023-04-24,434367,2048668,24
2023-04-25,487624,2298305,24
2023-04-26,489533,2337123,24
2023-04-27,482599,2316948,24
2023-04-28,464147,2275894,24
2023-04-29,350703,1830637,24
2023-04-30,301398,1594912,24
2023-05-01,362390,1853022,24
2023-05-02,452696,2185185,24
2023-05-03,467444,2242757,24
2023-05-04,475090,2237683,24
2023-05-05,462299,2253567,24
2023-05-06,367593,1751583,24
2023-05-07,316792,1561066,24
2023-05-08,423310,1932176,24
2023-05-09,474171,2135433,24
2023-05-10,478905,2175160,24
2023-05-11,474646,2180407,24
2023-05-12,460304,2159894,24
2023-05-13,350967,1713196,24
2023-05-14,306888,1632350,24
2023-05-15,421005,1982338,24
2023-05-16,482458,2254098,24
2023-05-17,477810,2220495,24
2023-05-18,458177,2182174,24
2023-05-19,443593,2104966,24
2023-05-20,350370,1704701,24
2023-05-21,312595,1581861,24
2023-05-22,400855,1773838,22
2023-05-23,479457,2212664,24
2023-05-24,483089,2232901,24
2023-05-25,476122,2220722,24
2023-05-26,459635,2208804,24
2023-05-27,348306,1738681,24
2023-05-28,306911,1523968,24
2023-05-29,400253,1911380,24
2023-05-30,458627,2092776,24
2023-05-31,477038,2215303,24
2023-06-01,462907,2159194,24
2023-06-02,433104,2024336,22
2023-06-03,345201,1669937,24
2023-06-04,303728,1523676,24
2023-06-05,418795,1957305,24
2023-06-06,459912,2156135,24
2023-06-07,467372,2221192,24
2023-06-08,452106,2204864,24
2023-06-09,443680,2219115,24
2023-06-10,343565,1718328,24
2023-06-11,298892,1521719,24
2023-06-12,417496,1993880,24
2023-06-13,461924,2254590,24
2023-06-14,472160,2318428,24
2023-06-15,462334,2244564,24
2023-06-16,445740,2193054,24
2023-06-17,339716,1715079,24
2023-06-18,295483,1527414,24
2023-06-19,398782,1934063,24
2023-06-20,452223,2206905,24
2023-06-21,465658,2324811,24
2023-06-22,442863,2229917,24
2023-06-23,429272,2220853,24
2023-06-24,330384,1689992,24
2023-06-25,298130,1533017,24
2023-06-26,408223,1989215,24
2023-06-27,459963,2327809,24
2023-06-28,445222,2239895,24
2023-06-29,435439,2198608,24
2023-06-30,414139,2036681,23
2023-07-01,323655,1620970,24
2023-07-02,279692,1422036,24
2023-07-03,395884,1927950,24
2023-07-04,441452,2220789,24
2023-07-05,439055,2208071,24
2023-07-06,456703,2384278,24
2023-07-07,438897,2308077,24
2023-07-08,340535,1746254,24
2023-07-09,293419,1556115,24
2023-07-10,408558,2073509,24
2023-07-11,455240,2347948,24
2023-07-12,454943,2303231,24
2023-07-13,445068,2223935,24
2023-07-14,420495,2128246,23
2023-07-15,328044,1730454,24
2023-07-16,288475,1554217,24
2023-07-17,403684,2029244,24
2023-07-18,450123,2245964,24
2023-07-19,448355,2313843,24
2023-07-20,437935,2244988,23
2023-07-21,430319,2340896,24
2023-07-22,329590,1792177,24
2023-07-23,288218,1584949,24
2023-07-24,399717,2057568,24
2023-07-25,449694,2319799,24
2023-07-26,450925,2332208,24
2023-07-27,446946,2324451,24
2023-07-28,427826,2233569,24
2023-07-29,328532,1718955,24
2023-07-30,285682,1539465,24
2023-07-31,395403,2004918,24
2023-08-01,442780,2287219,24
2023-08-02,441912,2290730,24
2023-08-03,442619,2366622,24
2023-08-04,424105,2264308,24
2023-08-05,327302,1782886,24
2023-08-06,283278,1570422,24
2023-08-07,391804,2033690,24
2023-08-08,443824,2378455,24
2023-08-09,443781,2331208,24
2023-08-10,437613,2313919,24
2023-08-11,420460,2293507,24
2023-08-12,324234,1765823,24
2023-08-13,282049,1598038,24
2023-08-14,379099,1972498,24
2023-08-15,414997,2225486,24
2023-08-16,439688,2293393,24
2023-08-17,440497,2355111,24
2023-08-18,425073,2268240,24
2023-08-19,326770,1824036,24
2023-08-20,284723,1601798,24
2023-08-21,401385,2062909,24
2023-08-22,450228,2293540,24
2023-08-23,447453,2247022,24
2023-08-24,448953,2308134,24
2023-08-25,434581,2267412,24
2023-08-26,337034,1771226,24
2023-08-27,295340,1618914,24
2023-08-28,406219,2046248,24
2023-08-29,455400,2275481,24
2023-08-30,458122,2326433,24
2023-08-31,451262,2351631,24
2023-09-01,432967,2297920,24
2023-09-02,311891,1673330,23
2023-09-03,287266,1589193,24
2023-09-04,395687,2021317,24
2023-09-05,448362,2354229,24
2023-09-06,462746,2418750,24
2023-09-07,460631,2378373,24
2023-09-08,446960,2358754,24
2023-09-09,345510,1877679,24
2023-09-10,300872,1662211,24
2023-09-11,428869,2219856,24
2023-09-12,484828,2492532,24
2023-09-13,482272,2476781,24
2023-09-14,482170,2443655,24
2023-09-15,464595,2360029,24
2023-09-16,348134,1827642,24
2023-09-17,305174,1643809,24
2023-09-18,431876,2148807,24
2023-09-19,482973,2401608,24
2023-09-20,491730,2433951,24
2023-09-21,490647,2437983,24
2023-09-22,472777,2372153,24
2023-09-23,358494,1830966,24
2023-09-24,311021,1647694,24
2023-09-25,439161,2149082,24
2023-09-26,495876,2450720,24
2023-09-27,489582,2420736,24
2023-09-28,469406,2366804,24
2023-09-29,446189,2277960,24
2023-09-30,350874,1782522,24
2023-10-01,308693,1687211,24
2023-10-02,420549,2160574,24
2023-10-03,482063,2463003,24
2023-10-04,493834,2512135,24
2023-10-05,488411,2457000,24
2023-10-06,473797,2400106,24
2023-10-07,373109,1905293,24
2023-10-08,328589,1717776,24
2023-10-09,438491,2199208,24
2023-10-10,493019,2421226,24
2023-10-11,504853,2495826,24
2023-10-12,494765,2471646,24
2023-10-13,472789,2415639,24
2023-10-14,361161,1864716,24
2023-10-15,325151,1701408,24
2023-10-16,454609,2195733,24
2023-10-17,511480,2466786,24
2023-10-18,513915,2467230,24
2023-10-19,503752,2448471,24
2023-10-20,484354,2384357,24
2023-10-21,369538,1858452,24
2023-10-22,323545,1678806,24
2023-10-23,451288,2204095,24
2023-10-24,502805,2483730,24
2023-10-25,516635,2539128,24
2023-10-26,518557,2555002,24
2023-10-27,497778,2462060,24
2023-10-28,375384,1916355,24
2023-10-29,322301,1726732,24
2023-10-30,450460,2163119,23
2023-10-31,506684,2505127,23
2023-11-01,482977,2374095,23
2023-11-02,504340,2519923,24
2023-11-03,484271,2482713,24
2023-11-04,375727,1897863,24
2023-11-05,329506,1742927,24
2023-11-06,460459,2270104,24
2023-11-07,522521,2620390,24
2023-11-08,523178,2596494,24
2023-11-09,513948,2560839,24
2023-11-10,488947,2472148,24
2023-11-11,368140,1874114,24
2023-11-12,322245,1731544,24
2023-11-13,452825,2288301,24
2023-11-14,489119,2370219,22
2023-11-15,496092,2477839,23
2023-11-16,482485,2502533,22
2023-11-17,495680,2706480,24
2023-11-18,381721,2154097,24
2023-11-19,327202,2061022,24
2023-11-20,459352,2539771,24
2023-11-21,513926,2784670,24
2023-11-22,510386,2761195,24
2023-11-23,493209,2791193,24
2023-11-24,449839,2557139,24
2023-11-25,354294,2103144,24
2023-11-26,328178,2880826,24
2023-11-27,436857,4622638,23
2023-11-28,510747,4016943,24
2023-11-29,526071,4021087,24
2023-11-30,474244,4184763,22
2023-12-01,468597,5389653,24
2023-12-02,374224,5420244,24
2023-12-03,308045,6508432,24
2023-12-04,378002,6638966,24
2023-12-05,528075,3724348,24
2023-12-06,514472,4348246,24
2023-12-07,446319,5589102,23
2023-12-08,428614,5346864,23
2023-12-09,370211,3890859,24
2023-12-10,343878,1869312,24
2023-12-11,463090,3498291,24
2023-12-12,507781,3379284,24
2023-12-13,507675,2582982,24
2023-12-14,500228,2616958,24
2023-12-15,471408,2471756,24
2023-12-16,361773,2145126,24
2023-12-17,313113,1981909,24
2023-12-18,430161,2339542,24
2023-12-19,476297,2549302,24
2023-12-20,469799,2497851,24
2023-12-21,449907,2456817,24
2023-12-22,410864,2449305,24
2023-12-23,313350,1928130,24
2023-12-24,268615,1854271,24
2023-12-25,272145,1851219,24
2023-12-26,309369,2069010,24
2023-12-27,355623,2354552,24
2023-12-28,365758,2514621,24
2023-12-29,363456,2953504,24
2023-12-30,292751,2371378,24
2023-12-31,262019,2304647,24
2024-01-01,238018,2172970,24
2024-01-02,361170,2560607,24
2024-01-03,427353,2912354,24
2024-01-04,442409,3198372,24
2024-01-05,438072,3083883,24
2024-01-06,361340,2226557,24
2024-01-07,312575,2270957,23
2024-01-08,433176,2901347,24
2024-01-09,481458,3256965,24
2024-01-10,485130,3404706,24
2024-01-11,481083,2969465,24
2024-01-12,467143,3010112,24
2024-01-13,367508,2662239,24
2024-01-14,323919,2612245,24
2024-01-15,427247,3486641,24
2024-01-16,471731,3708425,24
2024-01-17,486648,3378745,24
2024-01-18,489085,3327597,24
2024-01-19,475840,3212607,24
2024-01-20,378884,2756988,24
2024-01-21,334080,2617348,24
2024-01-22,446317,3313510,24
2024-01-23,499527,3353753,24
2024-01-24,499120,3591840,24
2024-01-25,494374,3203850,24
2024-01-26,469624,3027996,24
2024-01-27,381650,2500076,24
2024-01-28,337465,2536440,24
2024-01-29,455672,3246547,24
2024-01-30,505171,3910400,24
2024-01-31,506621,3648606,24
2024-02-01,499936,3634578,24
2024-02-02,485709,3801110,24
2024-02-03,383282,3618754,24
2024-02-04,342224,3430926,24
2024-02-05,449786,3542486,24
2024-02-06,499214,3811275,24
2024-02-07,501040,3893435,24
2024-02-08,476333,3877547,24
2024-02-09,456054,3674899,24
2024-02-10,363870,3406008,24
2024-02-11,320677,3279448,24
2024-02-12,422259,3784514,24
2024-02-13,479600,4109720,24
2024-02-14,474656,4157580,24
2024-02-15,474868,3312265,24
2024-02-16,472198,3647240,24
2024-02-17,382776,3485590,24
2024-02-18,346237,3418921,24
2024-02-19,460314,3775919,24
2024-02-20,502332,4035605,24
2024-02-21,513783,4347608,24
2024-02-22,511609,4422173,24
2024-02-23,487401,4594857,24
2024-02-24,380951,4782958,24
2024-02-25,347196,4608709,24
2024-02-26,470885,4246572,24
2024-02-27,524000,3939898,24
2024-02-28,530848,3620133,24
2024-02-29,519906,3439461,24
2024-03-01,489709,3326521,24
2024-03-02,399749,3007620,24
2024-03-03,353524,2736889,24
2024-03-04,478471,3277262,24
2024-03-05,535358,3526130,24
2024-03-06,532557,3575790,24
2024-03-07,522822,3985913,24
2024-03-08,489582,4174371,24
2024-03-09,390921,3729859,24
2024-03-10,352294,3600711,24
2024-03-11,478125,3827838,24
2024-03-12,538713,3261817,24
2024-03-13,527757,3329029,24
2024-03-14,525068,4324446,24
2024-03-15,513298,2894036,24
2024-03-16,403108,2161804,24
2024-03-17,355506,1970241,24
2024-03-18,487843,2552398,24
2024-03-19,542415,2908073,24
2024-03-20,541076,2822165,24
2024-03-21,535452,2792301,24
2024-03-22,510775,2689788,24
2024-03-23,399503,2184911,24
2024-03-24,351697,1964694,24
2024-03-25,471300,2589118,24
2024-03-26,526327,3005368,24
2024-03-27,532094,3160173,24
2024-03-28,508723,3118427,24
2024-03-29,451748,2947348,24
2024-03-30,369617,2598613,24
2024-03-31,334063,2480872,24
2024-04-01,423756,2919833,24
2024-04-02,514704,3678631,24
2024-04-03,524646,3883384,24
2024-04-04,511081,3816401,24
2024-04-05,490982,3611401,24
2024-04-06,388543,3185512,24
2024-04-07,355035,3189519,24
2024-04-08,474043,3691464,24
2024-04-09,509942,3662605,24
2024-04-10,500584,3586050,24
2024-04-11,502678,3526664,24
2024-04-12,495756,2920985,24
2024-04-13,380747,2393560,24
2024-04-14,337866,2202225,24
2024-04-15,490564,2756932,24
2024-04-16,542056,2948911,24
2024-04-17,575341,3165258,24
2024-04-18,572213,3175518,24
2024-04-19,552299,3091706,24
2024-04-20,433052,2343305,24
2024-04-21,382583,2204470,24
2024-04-22,533178,2801794,24
2024-04-23,586704,3083202,24
2024-04-24,584755,3051350,24
2024-04-25,578368,2969429,24
2024-04-26,549749,2923040,24
2024-04-27,432103,2336658,24
2024-04-28,386945,2161018,24
2024-04-29,520136,2730357,24
2024-04-30,568775,2999511,24
2024-05-01,493333,2699374,24
2024-05-02,540305,2928187,24
2024-05-03,529836,2852283,24
2024-05-04,425217,2299295,24
2024-05-05,375503,2090004,24
2024-05-06,512413,2718985,24
2024-05-07,538245,2803571,24
2024-05-08,519222,2702862,24
2024-05-09,492823,2584727,24
2024-05-10,487055,2605343,24
2024-05-11,392369,2210960,24
2024-05-12,336307,1945164,24
2024-05-13,473262,2511961,24
2024-05-14,537490,2852491,24
2024-05-15,525264,2794883,24
2024-05-16,525832,2820316,24
2024-05-17,507041,2816189,24
2024-05-18,392180,2375129,24
2024-05-19,344636,2220765,24
2024-05-20,460651,2665801,24
2024-05-21,529220,2961830,24
2024-05-22,531646,2797359,24
2024-05-23,526775,2790429,24
2024-05-24,501149,2584778,24
2024-05-25,350482,1788891,24
2024-05-26,344922,1924562,24
2024-05-27,464302,2478299,24
2024-05-28,492490,2535397,24
2024-05-29,531213,2874678,24
2024-05-30,509129,2686678,24
2024-05-31,489152,2626364,24
2024-06-01,381835,2061855,24
2024-06-02,338837,1892723,24
2024-06-03,473532,2446806,24
2025-10-16,491299,2089859,24
2025-10-17,473325,2072338,24
2025-10-18,391830,1998192,24
2025-10-19,363404,2018931,24
2025-10-20,437109,1946852,24
2025-10-21,470205,1929292,24
2025-10-22,483474,2020361,24
2025-10-23,488417,2057529,24
2025-10-24,476470,2049826,24
2025-10-25,405815,1990050,24
2025-10-26,379761,2044803,24
2025-10-27,454389,1924134,24
2025-10-28,469693,1748100,24
2025-10-29,499692,2018422,24
2025-10-30,505081,2099667,24
2025-10-31,489839,2078575,24
2025-11-01,399686,1935306,24
2025-11-02,380143,2040866,24
2025-11-03,474364,2069295,24
2025-11-04,511123,2099426,24
2025-11-05,512539,2082502,24
2025-11-06,514569,2103298,24
2025-11-07,499735,2114232,24
2025-11-08,430039,2081418,24
2025-11-09,401233,2101318,24
2025-11-10,488035,2081103,24
2025-11-11,495982,1901826,24
2025-11-12,513445,2068850,24
2025-11-13,519947,2125461,24
2025-11-14,504115,2081522,24
2025-11-15,431895,2031052,24
2025-11-16,399817,2037957,24
2025-11-17,494625,2103914,24
2025-11-18,510087,2031727,24
2025-11-19,509866,1995602,24
2025-11-20,508772,2014254,24
2025-11-21,497060,2052657,24
2025-11-22,436670,2070386,24
2025-11-23,409389,2119932,24
2025-11-24,494625,2094063,24
2025-11-25,531566,2136572,24
2025-11-26,524657,2189218,24
2025-11-27,507569,2118241,24
2025-11-28,479470,2068621,24
2025-11-29,418944,2103120,24
2025-11-30,407516,2134219,24
2025-12-01,483712,1951858,24
2025-12-02,524708,1967770,24
2025-12-03,538306,2156588,24
2025-12-04,536504,2158094,24
2025-12-05,522091,2183087,24
2025-12-06,446746,2088220,24
2025-12-07,416583,2127687,24
2025-12-08,499714,2112262,24
2025-12-09,528598,2152399,24
2025-12-10,527006,2180504,24
2025-12-11,514742,2184028,24
2025-12-12,495023,2110196,24
2025-12-13,420998,2105005,24
2025-12-14,392316,2145119,24
2025-12-15,475180,2100984,24
2025-12-16,497060,2143521,24
2025-12-17,494537,2154206,24
2025-12-18,490826,2193795,24
2025-12-19,469308,2155266,24
2025-12-20,399256,2095095,24
2025-12-21,370130,2124132,24
2025-12-22,429291,2054576,24
2025-12-23,447491,2135288,24
2025-12-24,422396,2152894,24
2025-12-25,357696,2087192,24
2025-12-26,369045,2103089,24
2025-12-27,363043,2162431,24
2025-12-28,360770,2091608,24
2025-12-29,412597,2097951,24
2025-12-30,428267,2148327,24
2025-12-31,404557,2127092,24
2026-01-01,316716,1799095,24
2026-01-02,387964,2117305,24
2026-01-03,395733,2160131,24
2026-01-04,394340,2202125,24
2026-01-05,457431,2202656,24
2026-01-06,483341,2176935,24
2026-01-07,488626,2197754,24
2026-01-08,491044,2162461,24
2026-01-09,481226,2141454,24
2026-01-10,424167,2146670,24
2026-01-11,397995,2198935,24
2026-01-12,476441,2174281,24
2026-01-13,494835,2111374,24
2026-01-14,494783,2145516,24
2026-01-15,492403,2126498,24
2026-01-16,478415,2075742,24
2026-01-17,419989,2053560,24
2026-01-18,404915,2187015,24
2026-01-19,482956,2150163,24
2026-01-20,509662,2158226,24
2026-01-21,512943,2159259,24
2026-01-22,504816,2081090,24
2026-01-23,500601,2149969,24
2026-01-24,419082,1954549,24
2026-01-25,404757,2138592,24
2026-01-26,480079,2123910,24
2026-01-27,516455,2120915,24
2026-01-28,526882,2202353,24
2026-01-29,526326,2205858,24
2026-01-30,515851,2197561,24
2026-01-31,449517,2143185,24
2026-02-01,425137,2241340,24
2026-02-02,510498,2213672,24
2026-02-03,549579,2253672,24
2026-02-04,538423,2146100,24
2026-02-05,530522,2050906,24
2026-02-06,528156,2114805,24
2026-02-07,466188,2137192,24
2026-02-08,437269,2205559,24
2026-02-09,508949,2118264,24
2026-02-10,528775,2032386,24
2026-02-11,528384,2002127,24
2026-02-12,539291,2125824,24
2026-02-13,535545,2181651,24
2026-02-14,457857,2051874,24
2026-02-15,422921,2222989,24
2026-02-16,492787,2201369,24
2026-02-17,521141,2245206,24
2026-02-18,530340,2215251,24
2026-02-19,536045,2177356,24
2026-02-20,530422,2188208,24
2026-02-21,475096,2207669,24
2026-02-22,451160,2293717,24
2026-02-23,532220,2255819,24
2026-02-24,572284,2231810,24
2026-02-25,561020,2160977,24
2026-02-26,560655,2157804,24
2026-02-27,562025,2241031,24
2026-02-28,497256,2212599,24
2026-03-01,451189,2209298,24
2026-03-02,539395,2222191,24
2026-03-03,580977,2307670,24
2026-03-04,585505,2322198,24
2026-03-05,590355,2307428,24
2026-03-06,585907,2355664,24
2026-03-07,510840,2336753,24
2026-03-08,478140,2353257,24
2026-03-09,568988,2367896,24
2026-03-10,615431,2418474,24
2026-03-11,613625,2416016,24
2026-03-12,608092,2374649,24
2026-03-13,589451,2367681,24
2026-03-14,510328,2293575,24
2026-03-15,482309,2405272,24
2026-03-16,580508,2418351,24
2026-03-17,611791,2454064,24
2026-03-18,613277,2423788,24
2026-03-19,597627,2482726,24
2026-03-20,574974,2395895,24
2026-03-21,501800,2455688,24
2026-03-22,480993,2544354,24
2026-03-23,586506,2518962,24
2026-03-24,629733,2536473,24
2026-03-25,636148,2623265,24
2026-03-26,631104,2576835,24
2026-03-27,610777,2619456,24
2026-03-28,522343,2529615,24
2026-03-29,501419,2623594,24
2026-03-30,606426,2617909,24
2026-03-31,635837,2578142,24
2026-04-01,623692,2531604,24
2026-04-02,591750,2509667,24
2026-04-03,559550,2549634,24
2026-04-04,500424,2523917,24
2026-04-05,485565,2516782,24
2026-04-06,544996,2451740,24
2026-04-07,604934,2358010,24
2026-04-08,612997,2439085,24
2026-04-09,617904,2492082,24
2026-04-10,608345,2464622,24
2026-04-11,521624,2448279,24
2026-04-12,485880,2426312,24
2026-04-13,587427,2504059,24
2026-04-14,636339,2497812,24
2026-04-15,638539,2533889,24
2026-04-16,634370,2546777,24
2026-04-17,615742,2480469,24
2026-04-18,526664,2392486,24
2026-04-19,495886,2412233,24
2026-04-20,601366,2422833,24
2026-04-21,629408,2435421,24
2026-04-22,635723,2488507,24
2026-04-23,629157,2533280,24
2026-04-24,621043,2536756,24
2026-04-25,521382,2402303,24
2026-04-26,495826,2421317,24
2026-04-27,597784,2441689,24
2026-04-28,635437,2472451,24
2026-04-29,626683,2449089,24
2026-04-30,519140,1798302,24
2026-05-01,477781,1885355,24
2026-05-02,505448,2398213,24
2026-05-03,488888,2425459,24
2026-05-04,573617,2438393,24
2026-05-05,610847,2460605,24
2026-05-06,625395,2478686,24
2026-05-07,628995,2515906,24
2026-05-08,601286,2481627,24
2026-05-09,528623,2420157,24
2026-05-10,494247,2415537,24
2026-05-11,587691,2401707,24
2026-05-12,623686,2447336,24
2026-05-13,615347,2442675,24
2026-05-14,606864,2502594,24
2026-05-15,562486,2262988,24
2026-05-16,530177,2493761,24
2026-05-17,504509,2530337,24
2026-05-18,548688,2215476,24
2026-05-19,600692,2326882,24
2026-05-20,630976,2569507,24
2026-05-21,630640,2591164,24
2026-05-22,604316,2524827,24
2026-05-23,528925,2548672,24
2026-05-24,496052,2582093,24
2026-05-25,577816,2638248,24
2026-05-26,628073,2681078,24
2026-05-27,612984,2611504,24
2026-05-28,604293,2576822,24
2026-05-29,599901,2613768,24
2026-05-30,517935,2632196,24
2026-05-31,490489,2694098,24
2026-06-01,593626,2765540,24
2026-06-02,615323,2653778,24
2026-06-03,563145,2386534,24
2026-06-04,532736,2106168,24
2026-06-05,502514,2083789,24
2026-06-06,520898,2739835,24
2026-06-07,495099,2765390,24
2026-06-08,590023,2740696,24
2026-06-09,618584,2772110,24
2026-06-10,618893,2757152,24
2026-06-11,622768,2781595,24
2026-06-12,606081,2783520,24
2026-06-13,521414,2642353,24
2026-06-14,488933,2813647,24
2026-06-15,592131,2831380,24
2026-06-16,611676,2779369,24
2026-06-17,570308,2829034,24
2026-06-18,557327,2885701,24
2026-06-19,531299,2864994,24
2026-06-20,472427,2759637,24
2026-06-21,470028,2765550,24
2026-06-22,550456,2693269,24
2026-06-23,569984,2618346,24
2026-06-24,582013,2772632,24
2026-06-25,576347,2751278,24
2026-06-26,554358,2715576,24
2026-06-27,481243,2747941,24
2026-06-28,444883,2881775,24
2026-06-29,534286,2858209,24
2026-06-30,570435,2728467,24
2026-07-01,564283,2749264,24
