org,repos,s,ci95_lo,ci95_hi,z,zh_title_share,repos_s_gt_0.5_and_q_lt_0.05,den
apache,71,0.3337,0.2084,0.4564,22.58,0.01345,20,5905
microsoft,71,0.1109,0.059,0.1768,3.643,0.002397,3,5842
Azure,39,0.1718,0.1194,0.2181,8.521,3.494e-05,2,4163
elastic,19,0.07626,0.05177,0.09201,1.692,0.0002548,0,3175
openshift,19,0.1144,0.05018,0.1516,4.081,2.821e-05,0,3072
dotnet,32,0.04428,0.002966,0.09784,1.654,0.0008318,1,2968
DataDog,18,0.008554,-0.02213,0.04856,0.4517,0,0,2065
grafana,13,0.04536,-0.0004849,0.06368,1.586,0.0002326,0,1868
kubernetes,13,0.1165,0.0144,0.1722,3.065,0.002723,0,1670
hashicorp,15,0.0589,0.01052,0.1064,1.948,2.178e-05,0,1646
hmcts,11,0.01389,-0.008854,0.03449,0.8356,0,0,1616
open-telemetry,22,0.05647,0.005631,0.09383,1.657,0,0,1420
getsentry,12,0.01422,-0.01913,0.02901,0.3909,0.0002313,0,1399
MicrosoftDocs,10,0.06857,-0.01372,0.0917,2.909,0.0002481,0,1338
PaddlePaddle,8,0.5865,0.4614,0.6666,23.75,0.2864,7,1276
huggingface,17,0.07358,0.005108,0.1433,1.795,0.0005869,0,1239
pytorch,10,0.1012,-0.1069,0.1418,1.967,0.0001403,0,1180
aws,22,-0.009874,-0.05598,0.04651,-0.3063,0.0002645,0,1180
opensearch-project,14,0.07598,-0.01492,0.1548,1.499,0,0,891
kubernetes-sigs,18,0.08312,-0.007661,0.1904,2.473,0.0002029,1,820.5
google,15,0.0392,-0.02307,0.08397,0.8576,0.0009472,0,699
NVIDIA,11,0.05741,-0.06211,0.1817,0.9396,0.0009416,0,673.5
nextcloud,10,0.07627,-0.1554,0.2023,1.341,0.0002514,0,594.9
GoogleCloudPlatform,14,0.05001,-0.01479,0.1054,1.261,6.972e-05,0,584.9
mozilla,11,0.01976,-0.06991,0.08357,0.3367,0.0007947,0,463.9
alibaba,7,0.587,0.4972,0.6897,18.2,0.3985,5,396
